Aasta,Sugu,Maakond,Rahvused kokku,Eestlased,Muud rahvused,Venelased,Ukrainlased,Valgevenelased,Soomlased,Tatarlased,Lätlased,Poolakad,Juudid,Leedulased,Sakslased,Armeenlased,Aserbaidžaanid,Rahvus teadmata
2018,Mehed ja naised,Kogu Eesti,1319133,905677,398542,328864,23310,11598,7635,1926,2478,1694,1950,1928,2178,1566,1096,14914
2018,Mehed ja naised,Harju maakond,589610,352939,224721,183276,15285,7249,3066,1275,1069,994,1639,1201,934,1126,840,11950
2018,Mehed ja naised,Hiiu maakond,9387,9210,145,61,17,9,15,0,6,1,1,2,7,0,0,32
2018,Mehed ja naised,Ida-Viru maakond,138266,24333,113550,102652,3273,2930,1178,441,255,327,122,252,351,194,111,383
2018,Mehed ja naised,Jõgeva maakond,29119,26400,2657,2182,151,61,132,10,20,4,2,16,18,8,0,62
2018,Mehed ja naised,Järva maakond,30661,29056,1522,757,305,33,195,5,25,32,3,13,35,15,8,83
2018,Mehed ja naised,Lääne maakond,20646,18165,2338,1722,219,80,73,22,26,7,4,29,25,2,2,143
2018,Mehed ja naised,Lääne-Viru maakond,59791,51699,7882,5906,703,246,475,18,46,49,15,73,51,23,29,210
2018,Mehed ja naised,Põlva maakond,25290,24110,1138,815,136,14,57,4,12,7,4,5,9,2,4,42
2018,Mehed ja naised,Pärnu maakond,85756,76702,8518,6165,857,213,430,47,145,48,20,76,105,33,14,536
2018,Mehed ja naised,Rapla maakond,33299,31363,1835,1093,210,69,188,11,21,10,2,14,48,3,14,101
2018,Mehed ja naised,Saare maakond,33231,32535,576,264,70,16,107,0,13,8,2,11,17,0,1,120
2018,Mehed ja naised,Tartu maakond,151122,126395,24047,17533,1246,389,1153,63,265,156,104,160,485,122,66,680
2018,Mehed ja naised,Valga maakond,28669,23143,5295,3637,453,181,97,16,483,24,9,36,46,22,3,231
2018,Mehed ja naised,Viljandi maakond,46782,44671,2017,1144,239,61,242,10,46,19,8,32,29,11,1,94
2018,Mehed ja naised,Võru maakond,36133,34206,1822,1411,123,39,61,2,44,5,5,8,15,4,2,105
2018,Mehed ja naised,Maakond teadmata,1371,750,479,246,23,8,166,2,2,3,10,0,3,1,1,142
2018,Mehed,Kogu Eesti,621084,428497,182722,148199,11284,4853,3596,858,1217,714,1030,913,1162,874,679,9865
2018,Mehed,Harju maakond,272813,161607,103315,82147,7600,3155,1588,577,508,425,855,568,538,619,509,7891
2018,Mehed,Hiiu maakond,4770,4669,77,25,11,8,8,0,2,0,0,0,3,0,0,24
2018,Mehed,Ida-Viru maakond,63668,12001,51372,46490,1385,1140,530,192,137,141,72,138,171,114,77,295
2018,Mehed,Jõgeva maakond,14188,12881,1260,1043,65,23,65,4,8,3,2,7,11,5,0,47
2018,Mehed,Järva maakond,14925,14133,731,327,157,16,96,1,17,20,2,6,20,11,2,61
2018,Mehed,Lääne maakond,9974,8778,1103,791,94,29,39,7,15,3,2,16,19,1,2,93
2018,Mehed,Lääne-Viru maakond,28863,25106,3611,2698,320,92,204,4,23,19,11,34,28,13,23,146
2018,Mehed,Põlva maakond,12651,12071,557,385,70,4,28,1,7,5,2,3,5,2,3,23
2018,Mehed,Pärnu maakond,40573,36270,3905,2763,404,90,227,20,63,15,10,35,47,21,11,398
2018,Mehed,Rapla maakond,16538,15564,895,530,110,24,88,5,9,4,0,6,23,3,5,79
2018,Mehed,Saare maakond,16373,15992,301,123,39,6,64,0,4,4,1,4,10,0,0,80
2018,Mehed,Tartu maakond,70819,59251,11213,8017,624,149,436,38,130,55,51,71,240,66,41,355
2018,Mehed,Valga maakond,13942,11316,2468,1651,224,75,51,5,249,9,7,13,24,10,3,158
2018,Mehed,Viljandi maakond,22600,21628,907,478,110,23,111,3,19,7,6,10,15,6,1,65
2018,Mehed,Võru maakond,17755,16866,820,604,63,17,26,0,26,2,4,2,6,3,2,69
2018,Mehed,Maakond teadmata,632,364,187,127,8,2,35,1,0,2,5,0,2,0,0,81
2018,Naised,Kogu Eesti,698049,477180,215820,180665,12026,6745,4039,1068,1261,980,920,1015,1016,692,417,5049
2018,Naised,Harju maakond,316797,191332,121406,101129,7685,4094,1478,698,561,569,784,633,396,507,331,4059
2018,Naised,Hiiu maakond,4617,4541,68,36,6,1,7,0,4,1,1,2,4,0,0,8
2018,Naised,Ida-Viru maakond,74598,12332,62178,56162,1888,1790,648,249,118,186,50,114,180,80,34,88
2018,Naised,Jõgeva maakond,14931,13519,1397,1139,86,38,67,6,12,1,0,9,7,3,0,15
2018,Naised,Järva maakond,15736,14923,791,430,148,17,99,4,8,12,1,7,15,4,6,22
2018,Naised,Lääne maakond,10672,9387,1235,931,125,51,34,15,11,4,2,13,6,1,0,50
2018,Naised,Lääne-Viru maakond,30928,26593,4271,3208,383,154,271,14,23,30,4,39,23,10,6,64
2018,Naised,Põlva maakond,12639,12039,581,430,66,10,29,3,5,2,2,2,4,0,1,19
2018,Naised,Pärnu maakond,45183,40432,4613,3402,453,123,203,27,82,33,10,41,58,12,3,138
2018,Naised,Rapla maakond,16761,15799,940,563,100,45,100,6,12,6,2,8,25,0,9,22
2018,Naised,Saare maakond,16858,16543,275,141,31,10,43,0,9,4,1,7,7,0,1,40
2018,Naised,Tartu maakond,80303,67144,12834,9516,622,240,717,25,135,101,53,89,245,56,25,325
2018,Naised,Valga maakond,14727,11827,2827,1986,229,106,46,11,234,15,2,23,22,12,0,73
2018,Naised,Viljandi maakond,24182,23043,1110,666,129,38,131,7,27,12,2,22,14,5,0,29
2018,Naised,Võru maakond,18378,17340,1002,807,60,22,35,2,18,3,1,6,9,1,0,36
2018,Naised,Maakond teadmata,739,386,292,119,15,6,131,1,2,1,5,0,1,1,1,61
2019,Mehed ja naised,Kogu Eesti,1324820,907628,399782,328299,23665,11506,7636,1929,2693,1653,1921,1979,2238,1583,1168,17410
2019,Mehed ja naised,Harju maakond,598059,356560,227562,184600,15607,7232,3185,1286,1174,974,1611,1260,971,1145,878,13937
2019,Mehed ja naised,Hiiu maakond,9387,9205,149,62,16,9,16,0,6,1,1,1,10,0,0,33
2019,Mehed ja naised,Ida-Viru maakond,136240,23852,112012,101248,3243,2865,1141,435,257,320,125,251,342,190,114,376
2019,Mehed ja naised,Jõgeva maakond,28734,26085,2588,2139,146,57,119,10,20,4,1,17,16,9,0,61
2019,Mehed ja naised,Järva maakond,30286,28661,1518,748,321,31,189,5,32,28,3,11,31,16,8,107
2019,Mehed ja naised,Lääne maakond,20507,18024,2329,1702,212,82,72,22,25,7,4,27,27,2,2,154
2019,Mehed ja naised,Lääne-Viru maakond,59325,51413,7684,5757,691,233,451,18,46,46,15,73,48,21,30,228
2019,Mehed ja naised,Põlva maakond,25006,23819,1151,826,134,13,56,6,15,6,4,3,11,2,4,36
2019,Mehed ja naised,Pärnu maakond,85938,76861,8403,6057,856,215,402,45,153,50,21,70,110,32,15,674
2019,Mehed ja naised,Rapla maakond,33311,31342,1873,1118,226,64,189,10,24,9,3,15,38,3,15,96
2019,Mehed ja naised,Saare maakond,33108,32395,582,250,71,15,110,1,15,8,2,12,20,0,1,131
2019,Mehed ja naised,Tartu maakond,152977,127707,24394,17483,1289,397,1157,64,292,155,99,166,519,126,95,876
2019,Mehed ja naised,Valga maakond,28370,22842,5301,3606,466,185,91,15,526,20,9,33,48,21,3,227
2019,Mehed ja naised,Viljandi maakond,46371,44258,2003,1115,241,61,245,9,44,16,7,32,30,11,0,110
2019,Mehed ja naised,Võru maakond,35782,33876,1772,1350,124,38,59,1,61,6,5,8,14,3,2,134
2019,Mehed ja naised,Maakond teadmata,1419,728,461,238,22,9,154,2,3,3,11,0,3,2,1,230
2019,Mehed,Kogu Eesti,625635,430131,184031,148171,11582,4817,3661,864,1361,696,1026,947,1200,881,728,11473
2019,Mehed,Harju maakond,278023,163702,105131,82916,7834,3141,1702,589,561,426,848,613,558,626,537,9190
2019,Mehed,Hiiu maakond,4768,4670,74,22,10,8,8,0,1,0,0,0,5,0,0,24
2019,Mehed,Ida-Viru maakond,62837,11820,50742,45892,1377,1122,514,188,142,137,75,132,167,112,78,275
2019,Mehed,Jõgeva maakond,13995,12723,1225,1023,61,22,60,4,6,2,1,8,10,7,0,47
2019,Mehed,Järva maakond,14786,13978,729,323,174,14,90,1,21,16,2,6,16,11,2,79
2019,Mehed,Lääne maakond,9879,8681,1096,779,88,28,37,7,14,3,2,15,19,1,2,102
2019,Mehed,Lääne-Viru maakond,28737,25044,3532,2641,312,88,191,4,24,18,11,36,28,12,23,161
2019,Mehed,Põlva maakond,12526,11938,563,389,70,4,29,1,9,4,2,1,7,2,3,25
2019,Mehed,Pärnu maakond,40674,36341,3845,2704,409,91,208,19,71,15,10,30,50,21,11,488
2019,Mehed,Rapla maakond,16566,15569,928,542,129,21,91,4,11,4,1,5,19,3,5,69
2019,Mehed,Saare maakond,16331,15937,310,116,41,5,69,0,4,4,0,4,13,0,0,84
2019,Mehed,Tartu maakond,71950,60028,11468,8027,654,152,446,38,155,50,52,73,255,67,62,454
2019,Mehed,Valga maakond,13842,11190,2487,1634,231,79,47,6,281,8,7,12,27,10,3,165
2019,Mehed,Viljandi maakond,22454,21468,906,464,115,22,110,2,19,4,5,10,17,6,0,80
2019,Mehed,Võru maakond,17587,16694,806,572,66,17,25,0,42,3,4,2,7,3,2,87
2019,Mehed,Maakond teadmata,680,348,189,127,11,3,34,1,0,2,6,0,2,0,0,143
2019,Naised,Kogu Eesti,699185,477497,215751,180128,12083,6689,3975,1065,1332,957,895,1032,1038,702,440,5937
2019,Naised,Harju maakond,320036,192858,122431,101684,7773,4091,1483,697,613,548,763,647,413,519,341,4747
2019,Naised,Hiiu maakond,4619,4535,75,40,6,1,8,0,5,1,1,1,5,0,0,9
2019,Naised,Ida-Viru maakond,73403,12032,61270,55356,1866,1743,627,247,115,183,50,119,175,78,36,101
2019,Naised,Jõgeva maakond,14739,13362,1363,1116,85,35,59,6,14,2,0,9,6,2,0,14
2019,Naised,Järva maakond,15500,14683,789,425,147,17,99,4,11,12,1,5,15,5,6,28
2019,Naised,Lääne maakond,10628,9343,1233,923,124,54,35,15,11,4,2,12,8,1,0,52
2019,Naised,Lääne-Viru maakond,30588,26369,4152,3116,379,145,260,14,22,28,4,37,20,9,7,67
2019,Naised,Põlva maakond,12480,11881,588,437,64,9,27,5,6,2,2,2,4,0,1,11
2019,Naised,Pärnu maakond,45264,40520,4558,3353,447,124,194,26,82,35,11,40,60,11,4,186
2019,Naised,Rapla maakond,16745,15773,945,576,97,43,98,6,13,5,2,10,19,0,10,27
2019,Naised,Saare maakond,16777,16458,272,134,30,10,41,1,11,4,2,8,7,0,1,47
2019,Naised,Tartu maakond,81027,67679,12926,9456,635,245,711,26,137,105,47,93,264,59,33,422
2019,Naised,Valga maakond,14528,11652,2814,1972,235,106,44,9,245,12,2,21,21,11,0,62
2019,Naised,Viljandi maakond,23917,22790,1097,651,126,39,135,7,25,12,2,22,13,5,0,30
2019,Naised,Võru maakond,18195,17182,966,778,58,21,34,1,19,3,1,6,7,0,0,47
2019,Naised,Maakond teadmata,739,380,272,111,11,6,120,1,3,1,5,0,1,2,1,87
2020,Mehed ja naised,Kogu Eesti,1328889,909552,406189,327802,24897,11536,8297,1948,3329,1744,1879,2068,2438,1608,1280,13148
2020,Mehed ja naised,Harju maakond,605029,359759,235145,186031,16587,7288,3754,1304,1490,1050,1579,1354,1237,1159,969,10125
2020,Mehed ja naised,Hiiu maakond,9315,9145,152,59,15,8,20,0,7,1,2,1,10,0,0,18
2020,Mehed ja naised,Ida-Viru maakond,134259,23473,110495,99811,3212,2834,1111,436,251,338,122,248,346,191,122,291
2020,Mehed ja naised,Jõgeva maakond,28442,25832,2569,2087,158,54,112,10,35,4,2,17,19,10,0,41
2020,Mehed ja naised,Järva maakond,30174,28503,1598,749,369,43,193,5,33,26,3,10,28,13,11,73
2020,Mehed ja naised,Lääne maakond,20444,18040,2307,1666,209,80,87,20,27,8,4,27,30,0,2,97
2020,Mehed ja naised,Lääne-Viru maakond,58862,51093,7605,5663,691,225,454,22,58,39,12,70,56,24,28,164
2020,Mehed ja naised,Põlva maakond,24647,23496,1115,808,133,11,51,5,16,6,2,4,16,1,4,36
2020,Mehed ja naised,Pärnu maakond,86185,76926,8834,5999,1031,224,518,48,233,53,23,80,119,44,15,425
2020,Mehed ja naised,Rapla maakond,33282,31316,1867,1120,231,77,171,10,26,8,3,16,35,5,16,99
2020,Mehed ja naised,Saare maakond,33083,32363,638,251,72,14,137,1,16,11,2,13,27,0,1,82
2020,Mehed ja naised,Tartu maakond,153317,128643,24148,17311,1332,384,1169,60,339,146,99,157,397,129,105,526
2020,Mehed ja naised,Valga maakond,28204,22649,5411,3584,469,180,90,13,619,24,7,31,53,17,3,144
2020,Mehed ja naised,Viljandi maakond,46161,44044,2047,1126,248,66,240,7,74,20,5,28,38,11,0,70
2020,Mehed ja naised,Võru maakond,35415,33553,1767,1304,116,39,60,4,78,6,5,8,23,3,1,95
2020,Mehed ja naised,Maakond teadmata,2070,717,491,233,24,9,130,3,27,4,9,4,4,1,3,862
2020,Mehed,Kogu Eesti,629246,431673,188673,148155,12428,4892,4125,888,1764,752,1000,1017,1301,895,793,8900
2020,Mehed,Harju maakond,282349,165615,109968,83781,8500,3212,2054,604,755,467,823,668,681,629,595,6766
2020,Mehed,Hiiu maakond,4740,4646,81,24,11,7,11,0,2,0,1,0,4,0,0,13
2020,Mehed,Ida-Viru maakond,61879,11627,50033,45217,1374,1102,501,193,128,142,75,129,172,113,81,219
2020,Mehed,Jõgeva maakond,13899,12643,1223,1000,65,21,58,4,14,1,1,9,12,8,0,33
2020,Mehed,Järva maakond,14761,13907,798,336,212,26,93,1,20,14,2,5,15,9,2,56
2020,Mehed,Lääne maakond,9849,8700,1085,759,84,28,44,6,14,4,2,15,23,0,2,64
2020,Mehed,Lääne-Viru maakond,28578,24943,3514,2595,315,88,200,8,34,16,9,36,29,14,21,121
2020,Mehed,Põlva maakond,12321,11751,544,377,69,4,27,0,9,4,1,1,11,1,3,26
2020,Mehed,Pärnu maakond,40886,36386,4175,2683,533,102,296,21,117,20,11,39,53,29,12,325
2020,Mehed,Rapla maakond,16581,15577,929,541,132,34,79,4,13,3,1,7,16,5,5,75
2020,Mehed,Saare maakond,16364,15960,349,117,41,5,87,0,5,6,0,4,18,0,0,55
2020,Mehed,Tartu maakond,72201,60490,11393,7915,669,146,458,37,194,54,54,79,203,71,66,318
2020,Mehed,Valga maakond,13843,11169,2572,1632,233,73,48,6,345,11,6,11,29,7,3,102
2020,Mehed,Viljandi maakond,22384,21374,953,480,118,25,109,1,43,5,4,9,21,6,0,57
2020,Mehed,Võru maakond,17458,16556,834,574,61,16,28,2,55,3,4,2,11,3,1,68
2020,Mehed,Maakond teadmata,1153,329,222,124,11,3,32,1,16,2,6,3,3,0,2,602
2020,Naised,Kogu Eesti,699643,477879,217516,179647,12469,6644,4172,1060,1565,992,879,1051,1137,713,487,4248
2020,Naised,Harju maakond,322680,194144,125177,102250,8087,4076,1700,700,735,583,756,686,556,530,374,3359
2020,Naised,Hiiu maakond,4575,4499,71,35,4,1,9,0,5,1,1,1,6,0,0,5
2020,Naised,Ida-Viru maakond,72380,11846,60462,54594,1838,1732,610,243,123,196,47,119,174,78,41,72
2020,Naised,Jõgeva maakond,14543,13189,1346,1087,93,33,54,6,21,3,1,8,7,2,0,8
2020,Naised,Järva maakond,15413,14596,800,413,157,17,100,4,13,12,1,5,13,4,9,17
2020,Naised,Lääne maakond,10595,9340,1222,907,125,52,43,14,13,4,2,12,7,0,0,33
2020,Naised,Lääne-Viru maakond,30284,26150,4091,3068,376,137,254,14,24,23,3,34,27,10,7,43
2020,Naised,Põlva maakond,12326,11745,571,431,64,7,24,5,7,2,1,3,5,0,1,10
2020,Naised,Pärnu maakond,45299,40540,4659,3316,498,122,222,27,116,33,12,41,66,15,3,100
2020,Naised,Rapla maakond,16701,15739,938,579,99,43,92,6,13,5,2,9,19,0,11,24
2020,Naised,Saare maakond,16719,16403,289,134,31,9,50,1,11,5,2,9,9,0,1,27
2020,Naised,Tartu maakond,81116,68153,12755,9396,663,238,711,23,145,92,45,78,194,58,39,208
2020,Naised,Valga maakond,14361,11480,2839,1952,236,107,42,7,274,13,1,20,24,10,0,42
2020,Naised,Viljandi maakond,23777,22670,1094,646,130,41,131,6,31,15,1,19,17,5,0,13
2020,Naised,Võru maakond,17957,16997,933,730,55,23,32,2,23,3,1,6,12,0,0,27
2020,Naised,Maakond teadmata,917,388,269,109,13,6,98,2,11,2,3,1,1,1,1,260
2021,Mehed ja naised,Kogu Eesti,1330068,914896,408033,322700,27254,11485,8479,1937,3572,1745,1898,2057,2570,1599,1408,7139
2021,Mehed ja naised,Harju maakond,609515,365793,239619,184175,18557,7362,4038,1330,1625,1101,1584,1359,1365,1171,1084,4103
2021,Mehed ja naised,Hiiu maakond,9381,9210,162,61,17,6,20,0,8,1,3,0,11,0,0,9
2021,Mehed ja naised,Ida-Viru maakond,131913,23551,108246,97785,3223,2687,1058,405,267,307,131,246,340,182,121,116
2021,Mehed ja naised,Jõgeva maakond,28082,25540,2528,2030,168,52,114,11,29,3,1,18,23,9,1,14
2021,Mehed ja naised,Järva maakond,29817,28198,1590,724,384,47,196,2,31,22,3,10,27,14,8,29
2021,Mehed ja naised,Lääne maakond,20285,17972,2248,1613,196,78,88,20,27,8,4,26,31,0,1,65
2021,Mehed ja naised,Lääne-Viru maakond,58402,50964,7384,5389,728,221,423,20,67,37,11,66,53,22,29,54
2021,Mehed ja naised,Põlva maakond,24473,23339,1120,784,133,13,54,5,23,5,2,4,22,1,4,14
2021,Mehed ja naised,Pärnu maakond,85760,76714,8920,5847,1144,247,535,45,234,52,20,78,127,43,13,126
2021,Mehed ja naised,Rapla maakond,33116,31190,1886,1098,231,91,165,9,34,7,3,16,49,6,15,40
2021,Mehed ja naised,Saare maakond,33032,32342,670,226,82,13,150,2,16,11,2,14,35,0,1,20
2021,Mehed ja naised,Tartu maakond,153912,129979,23762,16776,1425,387,1132,62,329,131,108,141,361,120,126,171
2021,Mehed ja naised,Valga maakond,27962,22449,5422,3550,456,171,86,13,688,21,8,31,54,16,2,91
2021,Mehed ja naised,Viljandi maakond,45877,43795,2043,1091,287,61,233,9,79,22,6,31,37,10,1,39
2021,Mehed ja naised,Võru maakond,34898,33110,1753,1262,134,36,65,1,71,12,4,9,26,4,1,35
2021,Mehed ja naised,Maakond teadmata,3643,750,680,289,89,13,122,3,44,5,8,8,9,1,1,2213
2021,Mehed,Kogu Eesti,630915,434671,191153,145769,14160,4918,4302,876,1918,771,1010,1014,1374,896,879,5091
2021,Mehed,Harju maakond,284994,168765,113368,82870,9947,3274,2266,617,854,507,822,670,738,648,666,2861
2021,Mehed,Hiiu maakond,4803,4705,91,26,11,5,13,0,3,0,2,0,5,0,0,7
2021,Mehed,Ida-Viru maakond,60785,11711,48987,44280,1372,1048,467,175,142,127,82,126,172,101,81,87
2021,Mehed,Jõgeva maakond,13713,12490,1213,970,70,21,60,3,17,1,1,10,16,7,0,10
2021,Mehed,Järva maakond,14561,13727,810,330,220,26,100,1,16,12,2,4,16,11,2,24
2021,Mehed,Lääne maakond,9744,8656,1047,727,79,26,44,7,15,4,2,15,24,0,1,41
2021,Mehed,Lääne-Viru maakond,28393,24913,3439,2458,354,88,192,4,40,16,8,34,29,14,22,41
2021,Mehed,Põlva maakond,12245,11693,540,360,70,5,30,0,14,3,1,1,15,1,3,12
2021,Mehed,Pärnu maakond,40708,36324,4286,2625,613,113,309,19,127,20,7,40,56,27,10,98
2021,Mehed,Rapla maakond,16487,15505,950,534,128,49,75,3,22,3,1,7,22,4,6,32
2021,Mehed,Saare maakond,16315,15941,362,94,52,5,95,0,4,6,0,5,22,0,0,12
2021,Mehed,Tartu maakond,72603,61185,11311,7692,729,144,428,38,178,47,60,72,190,69,83,107
2021,Mehed,Valga maakond,13707,11070,2575,1607,226,67,47,6,373,11,8,12,30,6,2,62
2021,Mehed,Viljandi maakond,22276,21281,962,466,150,25,114,2,41,5,5,9,21,5,1,33
2021,Mehed,Võru maakond,17220,16362,832,563,72,15,30,0,45,6,4,2,13,3,1,26
2021,Mehed,Maakond teadmata,2361,343,380,167,67,7,32,1,27,3,5,7,5,0,1,1638
2021,Naised,Kogu Eesti,699153,480225,216880,176931,13094,6567,4177,1061,1654,974,888,1043,1196,703,529,2048
2021,Naised,Harju maakond,324521,197028,126251,101305,8610,4088,1772,713,771,594,762,689,627,523,418,1242
2021,Naised,Hiiu maakond,4578,4505,71,35,6,1,7,0,5,1,1,0,6,0,0,2
2021,Naised,Ida-Viru maakond,71128,11840,59259,53505,1851,1639,591,230,125,180,49,120,168,81,40,29
2021,Naised,Jõgeva maakond,14369,13050,1315,1060,98,31,54,8,12,2,0,8,7,2,1,4
2021,Naised,Järva maakond,15256,14471,780,394,164,21,96,1,15,10,1,6,11,3,6,5
2021,Naised,Lääne maakond,10541,9316,1201,886,117,52,44,13,12,4,2,11,7,0,0,24
2021,Naised,Lääne-Viru maakond,30009,26051,3945,2931,374,133,231,16,27,21,3,32,24,8,7,13
2021,Naised,Põlva maakond,12228,11646,580,424,63,8,24,5,9,2,1,3,7,0,1,2
2021,Naised,Pärnu maakond,45052,40390,4634,3222,531,134,226,26,107,32,13,38,71,16,3,28
2021,Naised,Rapla maakond,16629,15685,936,564,103,42,90,6,12,4,2,9,27,2,9,8
2021,Naised,Saare maakond,16717,16401,308,132,30,8,55,2,12,5,2,9,13,0,1,8
2021,Naised,Tartu maakond,81309,68794,12451,9084,696,243,704,24,151,84,48,69,171,51,43,64
2021,Naised,Valga maakond,14255,11379,2847,1943,230,104,39,7,315,10,0,19,24,10,0,29
2021,Naised,Viljandi maakond,23601,22514,1081,625,137,36,119,7,38,17,1,22,16,5,0,6
2021,Naised,Võru maakond,17678,16748,921,699,62,21,35,1,26,6,0,7,13,1,0,9
2021,Naised,Maakond teadmata,1282,407,300,122,22,6,90,2,17,2,3,1,4,1,0,575
2022,Mehed ja naised,Kogu Eesti,1331796,919693,405391,315242,27826,11605,8543,1938,3827,1845,1852,2097,2701,1666,1546,6712
2022,Mehed ja naised,Harju maakond,614561,372243,237348,178165,18884,7472,4226,1306,1812,1148,1572,1386,1473,1218,1177,4970
2022,Mehed ja naised,Hiiu maakond,8497,8330,158,55,16,6,19,0,8,0,2,0,6,1,0,9
2022,Mehed ja naised,Ida-Viru maakond,132736,24489,108056,97227,3265,2720,1065,433,288,338,115,263,345,188,119,191
2022,Mehed ja naised,Jõgeva maakond,27857,25314,2461,1906,184,53,121,11,36,2,1,17,24,11,0,82
2022,Mehed ja naised,Järva maakond,29693,27998,1593,706,413,47,188,3,32,19,3,11,32,11,8,102
2022,Mehed ja naised,Lääne maakond,20227,17904,2256,1611,199,76,93,19,27,8,5,30,29,1,0,67
2022,Mehed ja naised,Lääne-Viru maakond,58709,51028,7509,5385,818,230,416,24,74,46,10,66,54,21,29,172
2022,Mehed ja naised,Põlva maakond,23989,22814,1134,795,133,11,62,3,23,3,1,4,23,1,4,41
2022,Mehed ja naised,Pärnu maakond,85705,76538,8959,5751,1171,247,555,46,239,51,19,81,136,40,11,208
2022,Mehed ja naised,Rapla maakond,33529,31507,1936,1095,247,84,159,9,46,14,4,13,54,9,16,86
2022,Mehed ja naised,Saare maakond,31292,30584,664,211,84,10,140,3,17,11,2,19,35,0,2,44
2022,Mehed ja naised,Tartu maakond,157758,133416,23978,16491,1507,377,1121,56,326,155,102,137,360,130,173,364
2022,Mehed ja naised,Valga maakond,27650,22009,5497,3516,451,174,84,15,762,18,9,34,51,22,4,144
2022,Mehed ja naised,Viljandi maakond,45411,43211,2116,1110,315,65,231,8,67,20,3,27,41,10,2,84
2022,Mehed ja naised,Võru maakond,34182,32308,1726,1218,139,33,63,2,70,12,4,9,38,3,1,148
2022,Mehed ja naised,Maakond teadmata,0,0,0,0,0,0,0,0,0,0,0,0,0,0,0,0
2022,Mehed,Kogu Eesti,633415,437652,190753,142324,14478,4981,4401,880,2066,827,985,1039,1504,922,971,5010
2022,Mehed,Harju maakond,292048,174912,113382,80489,10125,3353,2400,611,959,532,820,692,845,662,726,3754
2022,Mehed,Hiiu maakond,4162,4065,89,23,11,5,13,0,3,0,1,0,3,1,0,8
2022,Mehed,Ida-Viru maakond,61056,12123,48780,43856,1407,1055,481,186,155,139,74,139,184,105,78,153
2022,Mehed,Jõgeva maakond,13369,12155,1153,870,84,21,64,3,18,1,1,9,17,8,0,61
2022,Mehed,Järva maakond,14287,13405,798,310,232,26,97,1,19,9,2,4,18,8,2,84
2022,Mehed,Lääne maakond,9566,8489,1032,703,82,25,49,6,15,4,2,17,23,1,0,45
2022,Mehed,Lääne-Viru maakond,28221,24619,3463,2422,404,87,184,7,49,21,7,34,29,11,22,139
2022,Mehed,Põlva maakond,11705,11130,544,363,69,3,34,0,16,1,1,1,16,1,3,31
2022,Mehed,Pärnu maakond,40436,36020,4266,2523,626,113,322,20,128,23,8,43,61,25,9,150
2022,Mehed,Rapla maakond,16392,15386,944,506,131,44,73,4,29,8,1,7,23,6,6,62
2022,Mehed,Saare maakond,15001,14613,359,86,54,3,88,1,4,6,0,5,20,0,1,29
2022,Mehed,Tartu maakond,75476,63709,11497,7586,777,138,417,32,173,64,55,64,195,76,117,270
2022,Mehed,Valga maakond,13359,10642,2624,1586,225,72,38,7,424,8,8,14,28,9,4,93
2022,Mehed,Viljandi maakond,21784,20709,1016,474,173,24,111,2,30,5,2,8,25,6,2,59
2022,Mehed,Võru maakond,16553,15675,806,527,78,12,30,0,44,6,3,2,17,3,1,72
2022,Mehed,Maakond teadmata,0,0,0,0,0,0,0,0,0,0,0,0,0,0,0,0
2022,Naised,Kogu Eesti,698381,482041,214638,172918,13348,6624,4142,1058,1761,1018,867,1058,1197,744,575,1702
2022,Naised,Harju maakond,322513,197331,123966,97676,8759,4119,1826,695,853,616,752,694,628,556,451,1216
2022,Naised,Hiiu maakond,4335,4265,69,32,5,1,6,0,5,0,1,0,3,0,0,1
2022,Naised,Ida-Viru maakond,71680,12366,59276,53371,1858,1665,584,247,133,199,41,124,161,83,41,38
2022,Naised,Jõgeva maakond,14488,13159,1308,1036,100,32,57,8,18,1,0,8,7,3,0,21
2022,Naised,Järva maakond,15406,14593,795,396,181,21,91,2,13,10,1,7,14,3,6,18
2022,Naised,Lääne maakond,10661,9415,1224,908,117,51,44,13,12,4,3,13,6,0,0,22
2022,Naised,Lääne-Viru maakond,30488,26409,4046,2963,414,143,232,17,25,25,3,32,25,10,7,33
2022,Naised,Põlva maakond,12284,11684,590,432,64,8,28,3,7,2,0,3,7,0,1,10
2022,Naised,Pärnu maakond,45269,40518,4693,3228,545,134,233,26,111,28,11,38,75,15,2,58
2022,Naised,Rapla maakond,17137,16121,992,589,116,40,86,5,17,6,3,6,31,3,10,24
2022,Naised,Saare maakond,16291,15971,305,125,30,7,52,2,13,5,2,14,15,0,1,15
2022,Naised,Tartu maakond,82282,69707,12481,8905,730,239,704,24,153,91,47,73,165,54,56,94
2022,Naised,Valga maakond,14291,11367,2873,1930,226,102,46,8,338,10,1,20,23,13,0,51
2022,Naised,Viljandi maakond,23627,22502,1100,636,142,41,120,6,37,15,1,19,16,4,0,25
2022,Naised,Võru maakond,17629,16633,920,691,61,21,33,2,26,6,1,7,21,0,0,76
2022,Naised,Maakond teadmata,0,0,0,0,0,0,0,0,0,0,0,0,0,0,0,0
2023,Mehed ja naised,Kogu Eesti,1365884,925892,429214,306801,55675,11562,8518,1984,4094,1915,1939,2146,2900,1755,1688,10778
2023,Mehed ja naised,Harju maakond,638076,378604,252411,173526,34832,7540,4321,1329,1975,1182,1647,1426,1590,1302,1332,7061
2023,Mehed ja naised,Hiiu maakond,8474,8279,182,48,46,6,20,0,7,2,2,0,6,1,0,13
2023,Mehed ja naised,Ida-Viru maakond,133358,25119,107944,94835,5451,2626,1025,441,302,345,130,277,368,192,116,295
2023,Mehed ja naised,Jõgeva maakond,27739,24798,2804,1834,606,55,111,11,35,3,2,17,21,9,0,137
2023,Mehed ja naised,Järva maakond,30072,27768,2088,693,916,45,183,4,32,18,2,11,31,11,7,216
2023,Mehed ja naised,Lääne maakond,20688,17930,2580,1521,603,73,88,18,28,8,4,31,33,1,0,178
2023,Mehed ja naised,Lääne-Viru maakond,59608,50721,8318,5197,1812,232,404,25,73,42,11,66,56,19,29,569
2023,Mehed ja naised,Põlva maakond,24036,22595,1378,783,380,10,55,8,24,4,1,3,25,1,4,63
2023,Mehed ja naised,Pärnu maakond,87418,76319,10410,5526,2764,238,535,49,258,75,20,80,146,46,14,689
2023,Mehed ja naised,Rapla maakond,34038,31540,2289,1072,619,82,143,10,47,12,4,15,53,10,18,209
2023,Mehed ja naised,Saare maakond,31919,30490,1152,204,532,10,147,3,16,12,2,14,47,0,2,277
2023,Mehed ja naised,Tartu maakond,162390,135036,26769,15887,4571,385,1123,62,343,166,98,141,384,131,159,585
2023,Mehed ja naised,Valga maakond,28114,21909,6051,3413,1067,165,81,15,802,18,8,28,60,19,4,154
2023,Mehed ja naised,Viljandi maakond,45637,42842,2650,1092,861,62,220,7,70,16,4,29,40,11,2,145
2023,Mehed ja naised,Võru maakond,34317,31942,2188,1170,615,33,62,2,82,12,4,8,40,2,1,187
2023,Mehed ja naised,Maakond teadmata,0,0,0,0,0,0,0,0,0,0,0,0,0,0,0,0
2023,Mehed,Kogu Eesti,647366,441055,199462,138306,24578,4984,4407,914,2247,873,1038,1064,1623,955,1067,6849
2023,Mehed,Harju maakond,301986,178296,119076,78295,15825,3409,2468,631,1069,549,868,708,908,692,835,4614
2023,Mehed,Hiiu maakond,4136,4025,100,20,28,5,13,0,2,1,1,0,3,1,0,11
2023,Mehed,Ida-Viru maakond,61287,12455,48610,42751,2254,1007,471,192,164,142,83,152,205,106,73,222
2023,Mehed,Jõgeva maakond,13228,11883,1256,824,239,20,60,3,19,1,2,9,15,7,0,89
2023,Mehed,Järva maakond,14397,13276,977,303,411,27,94,2,18,8,1,5,17,8,2,144
2023,Mehed,Lääne maakond,9721,8503,1130,651,225,24,46,5,14,4,1,17,26,1,0,88
2023,Mehed,Lääne-Viru maakond,28503,24483,3713,2313,761,86,181,7,48,20,8,34,32,10,22,307
2023,Mehed,Põlva maakond,11699,11028,624,360,142,3,32,4,17,2,1,1,17,1,3,47
2023,Mehed,Pärnu maakond,41083,35954,4792,2402,1206,102,313,22,144,42,8,43,70,28,12,337
2023,Mehed,Rapla maakond,16580,15370,1083,504,267,42,65,4,31,8,1,7,22,5,7,127
2023,Mehed,Saare maakond,15224,14564,543,81,208,3,94,1,5,7,0,3,26,0,1,117
2023,Mehed,Tartu maakond,77505,64534,12520,7283,1936,148,403,35,179,71,51,62,209,80,105,451
2023,Mehed,Valga maakond,13549,10589,2858,1538,472,70,38,7,451,8,7,10,30,8,4,102
2023,Mehed,Viljandi maakond,21841,20533,1213,469,381,24,97,1,31,4,3,11,23,6,2,95
2023,Mehed,Võru maakond,16627,15562,967,512,223,14,32,0,55,6,3,2,20,2,1,98
2023,Mehed,Maakond teadmata,0,0,0,0,0,0,0,0,0,0,0,0,0,0,0,0
2023,Naised,Kogu Eesti,718518,484837,229752,168495,31097,6578,4111,1070,1847,1042,901,1082,1277,800,621,3929
2023,Naised,Harju maakond,336090,200308,133335,95231,19007,4131,1853,698,906,633,779,718,682,610,497,2447
2023,Naised,Hiiu maakond,4338,4254,82,28,18,1,7,0,5,1,1,0,3,0,0,2
2023,Naised,Ida-Viru maakond,72071,12664,59334,52084,3197,1619,554,249,138,203,47,125,163,86,43,73
2023,Naised,Jõgeva maakond,14511,12915,1548,1010,367,35,51,8,16,2,0,8,6,2,0,48
2023,Naised,Järva maakond,15675,14492,1111,390,505,18,89,2,14,10,1,6,14,3,5,72
2023,Naised,Lääne maakond,10967,9427,1450,870,378,49,42,13,14,4,3,14,7,0,0,90
2023,Naised,Lääne-Viru maakond,31105,26238,4605,2884,1051,146,223,18,25,22,3,32,24,9,7,262
2023,Naised,Põlva maakond,12337,11567,754,423,238,7,23,4,7,2,0,2,8,0,1,16
2023,Naised,Pärnu maakond,46335,40365,5618,3124,1558,136,222,27,114,33,12,37,76,18,2,352
2023,Naised,Rapla maakond,17458,16170,1206,568,352,40,78,6,16,4,3,8,31,5,11,82
2023,Naised,Saare maakond,16695,15926,609,123,324,7,53,2,11,5,2,11,21,0,1,160
2023,Naised,Tartu maakond,84885,70502,14249,8604,2635,237,720,27,164,95,47,79,175,51,54,134
2023,Naised,Valga maakond,14565,11320,3193,1875,595,95,43,8,351,10,1,18,30,11,0,52
2023,Naised,Viljandi maakond,23796,22309,1437,623,480,38,123,6,39,12,1,18,17,5,0,50
2023,Naised,Võru maakond,17690,16380,1221,658,392,19,30,2,27,6,1,6,20,0,0,89
2023,Naised,Maakond teadmata,0,0,0,0,0,0,0,0,0,0,0,0,0,0,0,0
2024,Mehed ja naised,Kogu Eesti,1374687,931993,434014,296268,68770,11402,8344,2022,4232,1882,2013,2146,2923,1804,1775,8680
2024,Mehed ja naised,Harju maakond,646315,384371,256403,167544,42709,7494,4307,1347,2059,1146,1708,1416,1574,1341,1414,5541
2024,Mehed ja naised,Hiiu maakond,8418,8217,193,45,57,5,17,0,7,3,1,1,5,1,1,8
2024,Mehed ja naised,Ida-Viru maakond,132286,25845,106160,92090,6350,2545,1004,452,321,343,142,285,386,195,116,281
2024,Mehed ja naised,Jõgeva maakond,27397,24434,2865,1728,760,54,103,12,33,3,4,15,26,12,1,98
2024,Mehed ja naised,Järva maakond,30084,27619,2311,655,1186,43,182,5,29,16,2,10,25,12,6,154
2024,Mehed ja naised,Lääne maakond,20625,17866,2595,1445,696,70,90,21,29,7,2,28,33,1,1,164
2024,Mehed ja naised,Lääne-Viru maakond,59536,50513,8648,4951,2380,220,385,23,76,45,11,64,55,19,28,375
2024,Mehed ja naised,Põlva maakond,23892,22396,1445,776,464,9,50,9,24,3,0,5,25,2,4,51
2024,Mehed ja naised,Pärnu maakond,87891,76380,10961,5331,3525,236,489,48,254,78,21,75,146,44,13,550
2024,Mehed ja naised,Rapla maakond,34246,31564,2507,1051,855,79,131,13,47,14,5,16,53,12,19,175
2024,Mehed ja naised,Saare maakond,32021,30479,1260,190,671,11,144,4,15,12,2,12,50,0,2,282
2024,Mehed ja naised,Tartu maakond,164460,136405,27533,15059,6073,381,1089,64,350,164,96,153,407,136,159,522
2024,Mehed ja naised,Valga maakond,27924,21779,6001,3252,1161,167,80,14,830,18,8,26,59,16,7,144
2024,Mehed ja naised,Viljandi maakond,45543,42566,2844,1046,1112,58,213,7,69,17,6,29,39,12,2,133
2024,Mehed ja naised,Võru maakond,34049,31559,2288,1105,771,30,60,3,89,13,5,11,40,1,2,202
2024,Mehed ja naised,Maakond teadmata,0,0,0,0,0,0,0,0,0,0,0,0,0,0,0,0
2024,Mehed,Kogu Eesti,651613,444270,201799,133143,30800,4921,4336,948,2324,857,1082,1071,1665,980,1127,5544
2024,Mehed,Harju maakond,305973,181183,121177,75359,19635,3393,2507,652,1124,533,901,707,917,712,894,3613
2024,Mehed,Hiiu maakond,4097,3985,105,20,30,4,11,0,3,1,1,0,2,1,1,7
2024,Mehed,Ida-Viru maakond,60850,12850,47781,41441,2699,972,452,200,184,139,93,155,217,108,74,219
2024,Mehed,Jõgeva maakond,13084,11740,1280,776,311,21,52,3,18,1,3,7,19,9,1,64
2024,Mehed,Järva maakond,14381,13199,1082,283,537,25,92,2,17,8,1,5,15,9,1,100
2024,Mehed,Lääne maakond,9698,8480,1142,625,269,23,49,5,12,3,1,15,26,1,1,76
2024,Mehed,Lääne-Viru maakond,28476,24405,3844,2189,1017,77,168,8,47,22,9,31,36,10,20,227
2024,Mehed,Põlva maakond,11614,10922,658,361,181,3,28,5,15,2,0,3,16,1,3,34
2024,Mehed,Pärnu maakond,41313,36012,5020,2305,1533,103,278,21,138,44,9,41,74,26,11,281
2024,Mehed,Rapla maakond,16696,15400,1189,492,391,40,57,5,28,8,1,7,23,6,8,107
2024,Mehed,Saare maakond,15274,14571,586,78,271,2,86,2,4,7,0,3,30,0,1,117
2024,Mehed,Tartu maakond,78398,65202,12792,6827,2627,149,395,37,176,69,50,72,221,82,104,404
2024,Mehed,Valga maakond,13446,10526,2830,1449,527,76,35,6,462,9,6,10,27,7,4,90
2024,Mehed,Viljandi maakond,21827,20442,1290,443,485,23,94,1,33,5,3,10,21,7,2,95
2024,Mehed,Võru maakond,16486,15353,1023,495,287,10,32,1,63,6,4,5,21,1,2,110
2024,Mehed,Maakond teadmata,0,0,0,0,0,0,0,0,0,0,0,0,0,0,0,0
2024,Naised,Kogu Eesti,723074,487723,232215,163125,37970,6481,4008,1074,1908,1025,931,1075,1258,824,648,3136
2024,Naised,Harju maakond,340342,203188,135226,92185,23074,4101,1800,695,935,613,807,709,657,629,520,1928
2024,Naised,Hiiu maakond,4321,4232,88,25,27,1,6,0,4,2,0,1,3,0,0,1
2024,Naised,Ida-Viru maakond,71436,12995,58379,50649,3651,1573,552,252,137,204,49,130,169,87,42,62
2024,Naised,Jõgeva maakond,14313,12694,1585,952,449,33,51,9,15,2,1,8,7,3,0,34
2024,Naised,Järva maakond,15703,14420,1229,372,649,18,90,3,12,8,1,5,10,3,5,54
2024,Naised,Lääne maakond,10927,9386,1453,820,427,47,41,16,17,4,1,13,7,0,0,88
2024,Naised,Lääne-Viru maakond,31060,26108,4804,2762,1363,143,217,15,29,23,2,33,19,9,8,148
2024,Naised,Põlva maakond,12278,11474,787,415,283,6,22,4,9,1,0,2,9,1,1,17
2024,Naised,Pärnu maakond,46578,40368,5941,3026,1992,133,211,27,116,34,12,34,72,18,2,269
2024,Naised,Rapla maakond,17550,16164,1318,559,464,39,74,8,19,6,4,9,30,6,11,68
2024,Naised,Saare maakond,16747,15908,674,112,400,9,58,2,11,5,2,9,20,0,1,165
2024,Naised,Tartu maakond,86062,71203,14741,8232,3446,232,694,27,174,95,46,81,186,54,55,118
2024,Naised,Valga maakond,14478,11253,3171,1803,634,91,45,8,368,9,2,16,32,9,3,54
2024,Naised,Viljandi maakond,23716,22124,1554,603,627,35,119,6,36,12,3,19,18,5,0,38
2024,Naised,Võru maakond,17563,16206,1265,610,484,20,28,2,26,7,1,6,19,0,0,92
2024,Naised,Maakond teadmata,0,0,0,0,0,0,0,0,0,0,0,0,0,0,0,0
